<?xml version="1.0" encoding="UTF-8"?><idempiere Name="AD_StorageProvider" Version="1.0.0" idempiereVersion="4.1.0.v20190412_1003_45" DataBaseVersion="2016-10-31" Description="" Author="System" AuthorEmail="gpemp_finance@optum.com" CreatedDate="Wed Feb 19 13:31:23 UTC 2020" UpdatedDate="Wed Feb 19 13:31:23 UTC 2020" PackOutVersion="100" UpdateDictionary="true" Client="1000000-Erp-Erp" AD_Client_UU="d9e8ceaa-a128-4134-b97a-aa8e6cf265e4">
    <AD_StorageProvider type="table">
        <AD_Org_ID>0</AD_Org_ID>
        <IsActive>Y</IsActive>
        <Name>OpenKM</Name>
        <Method>OpenKM</Method>
        <URL>http://localhost:8082/OpenKM</URL>
        <Folder>/okm:root</Folder>
        <UserName>okmAdmin</UserName>
        <Password>admin</Password>
        <AD_StorageProvider_UU>5be09756-84f3-459a-a352-28df24cc59e3</AD_StorageProvider_UU>
    </AD_StorageProvider>
</idempiere>
